{
    "master": {
        "id": 4,
        "voltageCompensation": 12,
        "positionConversion": 3.0340557275541795,
        "velocityConversion": 0.05056759545923632,
        "armFf": 0.03,
        "armComOffset": 11.89,
        "ff": 0.0,
        "f": 0.00355,
        "p": 0.000015,
        "a": 450.0,
        "v": 260.0,
        "ramp": 0.15
    },
    "slaves": [
        {
            "id": 5
        }
    ],
    "xboxId": 2,
    "aSetPoint": 0.0,
    "bSetPoint": 15.0,
    "xSetPoint": 30.0,
    "ySetPoint": 45.0
}