{
    "master": {
        "id": 3,
        "voltageCompensation": 12,
        "positionConversion": 0.7288494956328321,
        "velocityConversion": 0.7288494956328321,
        "gains": {
            "ff": 0.0310,
            "f": 0.0002621578947368421,
            "p": 0.000005,
            "a": 6200,
            "v": 2400
        },
        "ramp": 0.1,
        "isInverted": true
    },
    "slaves": [
        {
            "id": 12
        }
    ],
    "xboxId": 2,
    "aSetPoint": 0.0,
    "bSetPoint": 12.0,
    "xSetPoint": 30.0,
    "ySetPoint": 60.0
}